filename,bytes,sha256
2023年12月-C++1级.pdf,1684791,1742ecd736cc3b5d4e7ac940e1387613f8723adde5706ad8034f62b239d39005
2023年12月-C++2级.pdf,1669649,f673f72dbbe1b546c1f159ab33a31414b77c32eb98f3044fcc51fe9375d42009
2023年12月-C++3级.pdf,1749021,ef6bb91b5ed0d4b380f6ab5ee383711d77ee4c7d9894074cb83eabdc75322ec5
2023年12月-C++4级.pdf,1884497,33e280e2c9b90d722abce262766e771499ef3610f293d8a3428b26ff5f63add2
2023年12月-C++5级.pdf,2493556,8e97282fd7f628474e3e342ec7028339b11650859500a7041a2dcf3831036c6b
2023年12月-C++6级.pdf,1992036,45760f65e2f966400e4c461a2579932455b6374aa91d84513c1fd28403d7108b
2023年12月-C++7级.pdf,2065093,ac104b6d5ab07248c642584706ca6f243e1c133cc9d44eb8d9011d3658b6097c
2023年12月-C++8级.pdf,2113648,17316ebcb8543990cc59e49592a201e870bfd271eeaa642f19e37f24be7b7421
2023年3月-C++1级.pdf,391654,83cea90a49c46d57b1a4937ecb560e5fafdd7066d424edd0feaf75307e3954f9
2023年3月-C++2级.pdf,1359334,d9a39658b403faf650d4c78815fd69c75b4762998d10f27ec679fb2255b9f6a5
2023年6月-C++1级.pdf,1355045,4139a02cd0efcd75bb48842d3f566d31f33d3676c1cb7c88b9764bf25fbfffbb
2023年6月-C++2级.pdf,1331358,2e73640da3ba23d5d4705a86ceb013acb1f1c56f822090f0eaf5dc7efa7d96f9
2023年6月-C++3级.pdf,1344973,89de3e08ec223ab607ab9b4b142dfdba4130007dd96d6708b3a207be62440350
2023年6月-C++4级.pdf,1377279,816c338e76a3e1996f1e97bd41f1c8f292e12a9d1cc47f45fd33fa08899f4293
2023年9月-C++1级.pdf,1279999,53bb75f3bad284f253cd824301edabde4358af907f895e10a428530e755ffe96
2023年9月-C++2级.pdf,1362286,5f37e0cd794a4cca114f3b686ecab7480f4693541d03ef5cbfa6543e9da9a2fd
2023年9月-C++3级.pdf,1334808,91c312701211ff2851b20c72ced5b7307b1694952250bcf324f15af2c79a1fc0
2023年9月-C++4级.pdf,1345523,befb5ce3e88280e1eadbf79483544e763f8aef4ccc6be6d580d35b50e2e41b84
2023年9月-C++5级.pdf,1870596,89534b84ef130115c0f3d0096b0930cc796d1b0b7933cb57b5a0f151f5ae0828
2023年9月-C++6级.pdf,2068015,dd196d775a55d41278086d41f603fcbd03216164f2a4e78f91248f54c5e33f5c
2024年12月-C++1级.pdf,443536,4315e07e1575056207fac7ec81a501add5415159ff12d78f2c8aef0f58774293
2024年12月-C++2级.pdf,1092195,ec944b829a5033076ed9a9ffa077d4fc247b5a8bcaea15851fde0e79abea80f6
2024年12月-C++3级.pdf,1127458,18906aab7b63314ee328d203d49b216dc893252f68230e0335b1c345dbfd91f4
2024年12月-C++4级.pdf,1380115,fbdba36b3e13c125cebb46faee6066cc56135c16cfa32770b6e7787778c49bb4
2024年12月-C++5级.pdf,1313483,31061e2b5d66ba446bd27146f120d3f1def4c8ff319cd58ba91fb50265950683
2024年12月-C++6级.pdf,1286399,b25d40a90e0c098ce76acd5424710fbf3d7d9a85b134fcf817f0f8faa1fa1bd7
2024年12月-C++7级.pdf,1054588,296aa5b9c180c7626ddb83153360dde1142b0434af995305216c866412fbc7b8
2024年12月-C++8级.pdf,1402508,5a7283dae784c0e5d33d255a70a7861bb6d361f3976a64be6e4f3dcf2d75234e
2024年3月-C++1级.pdf,1147617,6777789043bfb632d8ef33ddfe8dde002619413192e2367f599421cc3d000d4c
2024年3月-C++2级.pdf,1502503,41b30de07bc877e2e53c5f1f468816451b7c922a3a26fea6ab8b8f060f183253
2024年3月-C++3级.pdf,928116,36df03b76a0d390976f41c192f39d196449666b2cd74cac3129ffa63c0f0b89f
2024年3月-C++4级.pdf,1088838,020795cd8e03585a1918383340c4be22a5703b7c8098e7eb8f77e0d2d36b8246
2024年3月-C++5级.pdf,1288560,cfb9dc1a9f353d30540abd82c8c0989305664b4cc2400a2607e018edb50897f5
2024年3月-C++6级.pdf,1348645,23d9a6343b26277407e0ed2e9fa0d36eebfeb07aea047b443b6c6039f3702ed3
2024年3月-C++7级.pdf,1442862,e0ac5ba975dd5ad7f627ca4a12bb491d84c7010feb9c16a54ce19e51fc702031
2024年3月-C++8级.pdf,1452803,33d21f12bfc191514a8c296c357736d0f00546668057a0efaf52a93130b47251
2024年6月-C++1级.pdf,1071819,b651e276b2b8d87dceea1551113fb609bbe4696bee346256682e5b03fa7c6d59
2024年6月-C++2级.pdf,1177408,267e6031c9b99372f8333785d69588820ad2c20e26225723227d8f1584b1f709
2024年6月-C++3级.pdf,1284269,9649d0c64710da1b749c9fd193b45b056ec36abf56f97e815ef3ae9a9a7f1169
2024年6月-C++4级.pdf,1329406,a130df3d14655e9c97bd62783bb8b3690df1018896b73856eb9c5741c6b3f1a5
2024年6月-C++5级.pdf,1376549,a0aab67251fd6c690fbc776aa6015243aaaca3ffdd730ab6458bc97252d9784b
2024年6月-C++6级.pdf,1495209,442744a33382913be134ed5aae3bb9a47996a1fba86b1145e85da86af124a263
2024年6月-C++7级.pdf,1299038,a651a04cb612c1175ecc542bcf5501765d21404199388421ab7fbaa2f20ec9a3
2024年6月-C++8级.pdf,1254841,c15fdb7f8a0736207ce8ecc6fdbdd0e20857f0d7f550960022a6c11254c25b5b
2024年9月-C++1级.pdf,965000,91e3644262d99cc6194f6b042d981576b187be504a8add1254d229b7f3216aaf
2024年9月-C++2级.pdf,1001572,e3c6dabc897f517697a18f1013eb14efaed9d0bd91d71aef1d6a9f183a270507
2024年9月-C++3级.pdf,1384976,bd4c2bd3957401c3540fe8177761a6cc58cc14ff718e12e7f73e75cc447251af
2024年9月-C++4级.pdf,1108545,fe048fa00a33c76db7cc84e925d00d815a4d5dc71ac4d45ecc69503c29a1d657
2024年9月-C++5级.pdf,1163173,5fd9dff36d10eaedd2edb2c0f1610d93e4e605c91d40e701d9f86652ff3e1926
2024年9月-C++6级.pdf,1289661,17e8b3a5f5c1216bde99f0d874e9b523b4cc94f211aa375b825ef106c47fcaaf
2024年9月-C++7级.pdf,1064888,56048c5834075abe7093ec709bd168a2e87738ed8ffb6e2c756983e08744f98e
2024年9月-C++8级.pdf,1283020,631e3b0a1b855d6c35aff6fe0c97d79fc7de149099e57937ee83bbea289fd34f
2025年12月-C++1级.pdf,1004362,2a1b1e7dc1581f3b75ab6d35fbc22ad18f8d6471c451d588eb1192d1329f0028
2025年12月-C++2级.pdf,1518016,dc4e684940c2b614388f6ee7ea34a6c76c40435566df3f97f471004459582982
2025年12月-C++3级.pdf,937724,0bc5efa99dd7be2a4d737b58e645d9084c0e048d961e41f8def580e2078739d3
2025年12月-C++4级.pdf,1059808,aeb55c9797044f51a1d63cb3601d081d6a3e150a94c2a5e2c0afd28aedd3544e
2025年12月-C++5级.pdf,1202399,2b5c9e88010a7c4179b6c1d13768fd1614a142ebc077a3c3be040bae74135224
2025年12月-C++6级.pdf,1108960,387795de6d441b496823777c197a02ab93a4a77ada4c446cf2bb53a805a5b9c3
2025年12月-C++7级.pdf,894724,1726f9216733c1c7d890296215f8c8586fdf511c2a431f024ecf836d30e1ddb9
2025年12月-C++8级.pdf,959587,a4aa713204cbb53d0000e53c740734fb49903bdb180fb334d4c356c18ca7571b
2025年3月-C++1级.pdf,1246248,878bc583e7d0d7ff2a029e5a3339432b892b84b5268afdcd7b8fb1bdfa783e3f
2025年3月-C++2级.pdf,1291427,795bc8c8d785ff4831cbe51d1d4942812d595e6341909f6b84fa993028041532
2025年3月-C++3级.pdf,1346878,b7e9c17c562b99757a88c1909a96258f27b7f45145ad9f3a46b0d1d54c5deefa
2025年3月-C++4级.pdf,1339540,07cb7531f3b31cc19ce701cfa15ca6cdaf1a3c5f0271aa9240b75e054b2eb415
2025年3月-C++5级.pdf,1639595,1ab80eaa00981a81c74d45c5797e08e5d3b37cd08cedb5f41c50bdd4a669d285
2025年3月-C++6级.pdf,1458707,43135fac0d7cf99f3b2b592ae77883ee3f404f73b785c53434d8aafb9a034ba4
2025年3月-C++7级.pdf,1496534,e83b6375a9547c37af0de0d779cc26f0e9900a8d890e6d406ba5912167cb173d
2025年3月-C++8级.pdf,1473687,5b0d1e6c898fa8484e210eae712e2f01ae2368a59a63d155a53442af4dee45ca
2025年6月-C++1级.pdf,1127367,a279bfe780869dafe614c3f09f52027e900d3d4a87d020e83a49840a0fde4c77
2025年6月-C++2级.pdf,1291016,9a638e93aff769b7ead155fa4481cc665d5b8c52ee1b1123fc047101103e8a3b
2025年6月-C++3级.pdf,1335711,c1214e7b1134f988ee8fa9b967be0d5d0bf48d51f836427048ce7e69c96f605a
2025年6月-C++4级.pdf,1521779,e162212428548e82ca81fd5629bd85f7291d2ebb5b600b1d6bee5f5ed28bb3d3
2025年6月-C++5级.pdf,2151713,33593b9fd3cdc03ba8f814e136ec2602df35bdba1315d18cf476b05288e50c59
2025年6月-C++6级.pdf,1559133,07876940042715cb0e33e06bfe749dc7106d3895eab6d2eb7dc4afc1cc3b1ffe
2025年6月-C++7级.pdf,1408066,92963abb5565c357e39376e3b3d15fe7b689f2d9139ae9eaacd104d8ca348875
2025年6月-C++8级.pdf,1692128,74a38f814139d2d2ce9aabe40ab330b66619a57cc7c47cce9f468cd3ed86958b
2025年9月-C++1级.pdf,964282,3037786e3622cae3d17c529849d9e2386657479b5944287ffde124f4b2a701a5
2025年9月-C++2级.pdf,1162339,971907c6ba9e65e30fcf44893a02310331c9cfc3120e128044f9d0b83cafdc96
2025年9月-C++3级.pdf,896357,9d498145166ef002cead99e73efa9ddc5c87e1c82a7cd7058e63f969800d768f
2025年9月-C++4级.pdf,1103585,8424f8c3ce4105ce2dae9bd6464107bf0c21e3342c80b4f1df3cef91625f7594
2025年9月-C++5级.pdf,1352594,502a87c1e6e63f3b6558f2a6e214096ad8f3c3d224fc578d35bfeb3d747dfc83
2025年9月-C++6级.pdf,1206040,9a64ca1030998488b541569144f6ca0937167298ed695d5966c2e3f352124074
2025年9月-C++7级.pdf,893134,f7897b83cddc2a1a85d388580a311ee36455043c6c701a7ceaf6253197be28c1
2025年9月-C++8级.pdf,1178865,55fa06bfea6ca0db4fe07c7bdfd2c37ceef82da8def5aaba455946d7cc2fdc89
